Model,Feature,BaselineROCAUC,MeanDecreaseROCAUC,StdDecreaseROCAUC
ANN,Player1Rank,0.7020930386229226,0.021795405808935353,0.0025478319926312185
ANN,Player2Rank,0.7020930386229226,0.001790807841952587,0.0014699491814552214
ANN,Player1Points,0.7020930386229226,0.005821797116771814,0.0031769279079840135
ANN,Player2Points,0.7020930386229226,0.018796992481202996,0.0015576257510011248
ANN,Player1MatchesBefore,0.7020930386229226,0.006587993838960175,0.001395315827301614
ANN,Player2MatchesBefore,0.7020930386229226,0.005470066408960195,0.0005164842404685333
ANN,ExperienceDifference,0.7020930386229226,0.03217101919897036,0.0015364050331688871
ANN,Player1WinRateBefore,0.7020930386229226,0.002179216087928445,0.001142314003892935
ANN,Player2WinRateBefore,0.7020930386229226,0.008367886917544939,0.0011924341210974593
ANN,WinRateDifference,0.7020930386229226,0.003291538639442241,0.002161678996975191
ANN,Player1Recent5WinRate,0.7020930386229226,0.0013866666037346542,0.0017121262323508924
ANN,Player2Recent5WinRate,0.7020930386229226,0.0005101422734487734,0.000633495787567355
ANN,Recent5WinRateDifference,0.7020930386229226,0.00572149929122856,0.0011511407270387132
ANN,Player1SurfaceMatchesBefore,0.7020930386229226,0.008410464327799941,0.002138128641332724
ANN,Player2SurfaceMatchesBefore,0.7020930386229226,0.041678269748445206,0.0012399169776067507
ANN,SurfaceMatchesDifference,0.7020930386229226,0.04874415322675796,0.0035669012600406578
ANN,Player1SurfaceWinRateBefore,0.7020930386229226,0.006100172748254769,0.0017607299660428164
ANN,Player2SurfaceWinRateBefore,0.7020930386229226,0.0034996074618434867,0.000786424007976174
ANN,SurfaceWinRateDifference,0.7020930386229226,0.024297049906624624,0.0020434963277079043
ANN,H2HMatchesBefore,0.7020930386229226,0.0009959967401239982,0.0003671299670735646
ANN,Player1H2HWinRateBefore,0.7020930386229226,0.0021426368809657572,0.00072848877529587
ANN,Player2H2HWinRateBefore,0.7020930386229226,-0.00018053608597771534,0.0002382492977774163
ANN,DifferenceH2HWinRateBefore,0.7020930386229226,0.0009427995601054932,0.001986833296109023
ANN,Player1DaysSinceLastMatch,0.7020930386229226,0.0042400414092355065,0.0010677801788696302
ANN,Player2DaysSinceLastMatch,0.7020930386229226,0.004189499171657933,0.0010750884787347188
ANN,DaysSinceLastMatchDifference,0.7020930386229226,0.009260537564878879,0.003584250330692004
ANN,MissingPlayer1DaysSinceLastMatch,0.7020930386229226,0.002004776536444671,0.0019245645015044893
ANN,MissingPlayer2DaysSinceLastMatch,0.7020930386229226,0.001332584442902629,0.0016407001762560299
ANN,RankDifference,0.7020930386229226,0.005022364448472076,0.0017955712719251898
ANN,PointsDifference,0.7020930386229226,0.005217846877079675,0.001885007255629137
ANN,Series,0.7020930386229226,0.0021519783451093843,0.0018912248197659471
ANN,Court,0.7020930386229226,0.0026433393590693153,0.0006982245966954162
ANN,Surface,0.7020930386229226,0.0006491825923879979,0.001506623905364287
ANN,Round,0.7020930386229226,0.002137523658487036,0.0009582173322706261
ANN,Best of,0.7020930386229226,0.0016376078299955577,0.0008225065454206062
Random Forest,Player1Rank,0.7038152112862193,0.0034311689455905534,0.00044359331355553553
Random Forest,Player2Rank,0.7038152112862193,0.0031245722592733913,0.0007596251237027493
Random Forest,Player1Points,0.7038152112862193,0.00033432608514375833,0.0006330362666555899
Random Forest,Player2Points,0.7038152112862193,0.001414002677755229,0.0006979673085514456
Random Forest,Player1MatchesBefore,0.7038152112862193,0.0004894927211311165,0.0008679555184560302
Random Forest,Player2MatchesBefore,0.7038152112862193,-0.0004572400870349232,0.0004864460340980378
Random Forest,ExperienceDifference,0.7038152112862193,0.0009445695217327558,0.0004675714702593428
Random Forest,Player1WinRateBefore,0.7038152112862193,-0.0008834075143918282,0.0001527404859143718
Random Forest,Player2WinRateBefore,0.7038152112862193,0.0009042537291124771,0.00014071438872727355
Random Forest,WinRateDifference,0.7038152112862193,0.00114595182243112,0.0018533308139916463
Random Forest,Player1Recent5WinRate,0.7038152112862193,0.00035654893668561155,7.859216243615874e-05
Random Forest,Player2Recent5WinRate,0.7038152112862193,0.0003421925812647775,0.0002871175445388136
Random Forest,Recent5WinRateDifference,0.7038152112862193,-8.06315852405574e-05,0.00030642602567033754
Random Forest,Player1SurfaceMatchesBefore,0.7038152112862193,-0.00040945112309968373,0.00028442075243256115
Random Forest,Player2SurfaceMatchesBefore,0.7038152112862193,-0.000821655519841665,0.0007047523915439857
Random Forest,SurfaceMatchesDifference,0.7038152112862193,-0.001589818866060318,0.0014025527173318131
Random Forest,Player1SurfaceWinRateBefore,0.7038152112862193,0.00039745471651494074,0.00025061118356140103
Random Forest,Player2SurfaceWinRateBefore,0.7038152112862193,0.00012311066429400905,0.0007470125532255613
Random Forest,SurfaceWinRateDifference,0.7038152112862193,0.0023174697572556266,0.0011062154758650071
Random Forest,H2HMatchesBefore,0.7038152112862193,-9.970783833416579e-05,0.00019155119965761947
Random Forest,Player1H2HWinRateBefore,0.7038152112862193,-0.0005176154447638082,0.00029266550587703525
Random Forest,Player2H2HWinRateBefore,0.7038152112862193,0.00011583415538215143,0.00013066703521169402
Random Forest,DifferenceH2HWinRateBefore,0.7038152112862193,7.866496120908137e-06,0.0005049778916479702
Random Forest,Player1DaysSinceLastMatch,0.7038152112862193,-0.0001773894875292855,0.0002878397314475008
Random Forest,Player2DaysSinceLastMatch,0.7038152112862193,0.0009758388438138773,0.00029187496685796773
Random Forest,DaysSinceLastMatchDifference,0.7038152112862193,0.0010727934085055235,0.00043322508963588343
Random Forest,MissingPlayer1DaysSinceLastMatch,0.7038152112862193,0.00010029782554310529,3.840812199702673e-05
Random Forest,MissingPlayer2DaysSinceLastMatch,0.7038152112862193,0.0001341237588635691,5.612498287586681e-05
Random Forest,RankDifference,0.7038152112862193,0.006837951753205969,0.00023942918654548307
Random Forest,PointsDifference,0.7038152112862193,0.008297580108463229,0.0007093395056689861
Random Forest,Series,0.7038152112862193,0.00043521389789595116,0.00023689796665354342
Random Forest,Court,0.7038152112862193,2.9696022856851023e-05,3.9774454435528937e-05
Random Forest,Surface,0.7038152112862193,4.1692429441371935e-05,0.0001971030231931674
Random Forest,Round,0.7038152112862193,-0.00028968371965694867,0.0003076661203840585
Random Forest,Best of,0.7038152112862193,0.00019921901426500632,0.00021800610613111122
k-NN,Player1Rank,0.7005109879217817,0.005530835091495138,0.00042830071224207804
k-NN,Player2Rank,0.7005109879217817,0.004914593451613862,0.0013327915739028077
k-NN,Player1Points,0.7005109879217817,0.0010766283253644444,0.0002730872214046093
k-NN,Player2Points,0.7005109879217817,0.0035693242837160355,0.0005066858065081375
k-NN,Player1MatchesBefore,0.7005109879217817,0.0021585665356106767,0.0009255602028962526
k-NN,Player2MatchesBefore,0.7005109879217817,-0.000776619829548871,0.0010967255586202156
k-NN,ExperienceDifference,0.7005109879217817,0.0015780191218786044,0.000797899274984976
k-NN,Player1WinRateBefore,0.7005109879217817,-6.1948656954191605e-06,0.000817615136253234
k-NN,Player2WinRateBefore,0.7005109879217817,-0.0015111539048502005,0.0011201303857366503
k-NN,WinRateDifference,0.7005109879217817,0.001980292067267871,0.0020457522113407323
k-NN,Player1Recent5WinRate,0.7005109879217817,0.0013897148709814955,0.0010892850454013222
k-NN,Player2Recent5WinRate,0.7005109879217817,0.0009803620790832894,0.0015863841522395456
k-NN,Recent5WinRateDifference,0.7005109879217817,0.0010724984149008316,9.248895028317944e-05
k-NN,Player1SurfaceMatchesBefore,0.7005109879217817,0.0006099484429844537,0.0003282583299706697
k-NN,Player2SurfaceMatchesBefore,0.7005109879217817,-0.00048310119303292726,0.0006815952761279953
k-NN,SurfaceMatchesDifference,0.7005109879217817,0.0014734930546705567,0.001621592177986567
k-NN,Player1SurfaceWinRateBefore,0.7005109879217817,0.0011161574683725324,0.0011789958709695818
k-NN,Player2SurfaceWinRateBefore,0.7005109879217817,0.0013024950952395347,0.0003426043356195789
k-NN,SurfaceWinRateDifference,0.7005109879217817,0.0006057202013192523,0.00036172842907124275
k-NN,H2HMatchesBefore,0.7005109879217817,-0.0008970755514021711,0.00020817535157880275
k-NN,Player1H2HWinRateBefore,0.7005109879217817,-0.0013619854721551212,0.0003917783840876144
k-NN,Player2H2HWinRateBefore,0.7005109879217817,-0.0013619854721551212,0.0003917783840876144
k-NN,DifferenceH2HWinRateBefore,0.7005109879217817,-0.0013619854721551212,0.0003917783840876144
k-NN,Player1DaysSinceLastMatch,0.7005109879217817,-0.0003234113217759719,0.0012451045417374799
k-NN,Player2DaysSinceLastMatch,0.7005109879217817,0.0030794382377788234,0.0004910988816457887
k-NN,DaysSinceLastMatchDifference,0.7005109879217817,0.0021485367530564106,0.0007150117735994669
k-NN,MissingPlayer1DaysSinceLastMatch,0.7005109879217817,0.002869009466541376,0.0013256924700791144
k-NN,MissingPlayer2DaysSinceLastMatch,0.7005109879217817,0.0012267800700746696,0.0031667513327431414
k-NN,RankDifference,0.7005109879217817,0.008248512838908187,0.0005964443066204719
k-NN,PointsDifference,0.7005109879217817,0.0036108200507544894,0.0006259028073941362
k-NN,Series,0.7005109879217817,-0.0032879003849864232,0.0011662296809483712
k-NN,Court,0.7005109879217817,0.00021219873286471014,0.0005877372966379245
k-NN,Surface,0.7005109879217817,-0.0017497053997203398,0.0009318276711679698
k-NN,Round,0.7005109879217817,-0.0017912011667589045,0.00014939865599395178
k-NN,Best of,0.7005109879217817,-9.410295984794519e-05,0.0011839464835356548
AdaBoost,Player1Rank,0.6987233266782776,0.0,0.0
AdaBoost,Player2Rank,0.6987233266782776,0.0,0.0
AdaBoost,Player1Points,0.6987233266782776,-0.00013746701971499112,6.262393007039277e-06
AdaBoost,Player2Points,0.6987233266782776,0.0003493707589753055,9.371463917181116e-05
AdaBoost,Player1MatchesBefore,0.6987233266782776,0.0008518431987061629,0.00021144180920053087
AdaBoost,Player2MatchesBefore,0.6987233266782776,0.0005388549842906635,0.0003064357757600586
AdaBoost,ExperienceDifference,0.6987233266782776,0.0002445496981624921,0.00010958631914514308
AdaBoost,Player1WinRateBefore,0.6987233266782776,0.00022370348344180613,0.000603368890054551
AdaBoost,Player2WinRateBefore,0.6987233266782776,0.000397159722910545,0.00025424071721494426
AdaBoost,WinRateDifference,0.6987233266782776,-0.0004892960587280873,0.0006316956951999022
AdaBoost,Player1Recent5WinRate,0.6987233266782776,0.0,0.0
AdaBoost,Player2Recent5WinRate,0.6987233266782776,0.0,0.0
AdaBoost,Recent5WinRateDifference,0.6987233266782776,0.0015732992242061632,0.0013652608767716341
AdaBoost,Player1SurfaceMatchesBefore,0.6987233266782776,0.0017574735646398443,0.00012366070288723558
AdaBoost,Player2SurfaceMatchesBefore,0.6987233266782776,0.0016960165636942248,0.0007095356562736998
AdaBoost,SurfaceMatchesDifference,0.6987233266782776,0.0004758246841208476,0.00023042494091891186
AdaBoost,Player1SurfaceWinRateBefore,0.6987233266782776,0.0,0.0
AdaBoost,Player2SurfaceWinRateBefore,0.6987233266782776,0.0004423920756065162,2.394884624101661e-05
AdaBoost,SurfaceWinRateDifference,0.6987233266782776,0.005789937807481753,0.0015496599723413237
AdaBoost,H2HMatchesBefore,0.6987233266782776,0.0,0.0
AdaBoost,Player1H2HWinRateBefore,0.6987233266782776,0.0002643142696666286,0.00017160735820609518
AdaBoost,Player2H2HWinRateBefore,0.6987233266782776,-6.588190501362796e-05,4.540495802402174e-05
AdaBoost,DifferenceH2HWinRateBefore,0.6987233266782776,-5.132888718972772e-05,8.918374359742553e-06
AdaBoost,Player1DaysSinceLastMatch,0.6987233266782776,0.0,0.0
AdaBoost,Player2DaysSinceLastMatch,0.6987233266782776,0.0,0.0
AdaBoost,DaysSinceLastMatchDifference,0.6987233266782776,0.0006867451113660161,5.612170952360164e-05
AdaBoost,MissingPlayer1DaysSinceLastMatch,0.6987233266782776,0.0,0.0
AdaBoost,MissingPlayer2DaysSinceLastMatch,0.6987233266782776,0.0,0.0
AdaBoost,RankDifference,0.6987233266782776,0.005201622228830065,0.0005246119353216613
AdaBoost,PointsDifference,0.6987233266782776,0.08781182790623765,0.005719806225139012
AdaBoost,Series,0.6987233266782776,0.0,0.0
AdaBoost,Court,0.6987233266782776,0.0,0.0
AdaBoost,Surface,0.6987233266782776,0.0,0.0
AdaBoost,Round,0.6987233266782776,0.0,0.0
AdaBoost,Best of,0.6987233266782776,0.0,0.0
XGBoost,Player1Rank,0.7031609154713526,0.00029106035647818995,0.00017824276415187308
XGBoost,Player2Rank,0.7031609154713526,-0.00013510707087860396,0.00011490168146961902
XGBoost,Player1Points,0.7031609154713526,-5.034557517454482e-05,0.00020973711055367007
XGBoost,Player2Points,0.7031609154713526,0.000714081185386554,0.0002659572352751578
XGBoost,Player1MatchesBefore,0.7031609154713526,0.0006368911921990072,0.0004666366817807792
XGBoost,Player2MatchesBefore,0.7031609154713526,0.001369950299477581,0.00018216008348894916
XGBoost,ExperienceDifference,0.7031609154713526,0.0003436675492875703,0.00023486863933774917
XGBoost,Player1WinRateBefore,0.7031609154713526,0.00010206778717040492,0.0004999265821421984
XGBoost,Player2WinRateBefore,0.7031609154713526,0.0006529191780455523,0.00029153183150522794
XGBoost,WinRateDifference,0.7031609154713526,-4.513402149438258e-05,0.0009424932868137366
XGBoost,Player1Recent5WinRate,0.7031609154713526,0.0002258667698751271,0.0001943830033917853
XGBoost,Player2Recent5WinRate,0.7031609154713526,0.0,0.0
XGBoost,Recent5WinRateDifference,0.7031609154713526,0.0015318034571677464,0.0010253986840409652
XGBoost,Player1SurfaceMatchesBefore,0.7031609154713526,0.002745013821433736,0.0007896773031157794
XGBoost,Player2SurfaceMatchesBefore,0.7031609154713526,0.001992091811449548,0.0006676639199715334
XGBoost,SurfaceMatchesDifference,0.7031609154713526,0.0006407261090580393,0.000291117090709674
XGBoost,Player1SurfaceWinRateBefore,0.7031609154713526,-0.0001207507154577699,1.8590579238612485e-05
XGBoost,Player2SurfaceWinRateBefore,0.7031609154713526,0.0007956960826423684,0.0004068934187618934
XGBoost,SurfaceWinRateDifference,0.7031609154713526,0.004615469936611771,0.0006995080697806912
XGBoost,H2HMatchesBefore,0.7031609154713526,-1.1799744181750782e-06,0.0
XGBoost,Player1H2HWinRateBefore,0.7031609154713526,0.0006387594850277475,0.0005189956958682615
XGBoost,Player2H2HWinRateBefore,0.7031609154713526,0.0,0.0
XGBoost,DifferenceH2HWinRateBefore,0.7031609154713526,0.0,0.0
XGBoost,Player1DaysSinceLastMatch,0.7031609154713526,0.00017030964102038304,6.489024920862288e-05
XGBoost,Player2DaysSinceLastMatch,0.7031609154713526,0.0002881104204327893,0.00011415333515040041
XGBoost,DaysSinceLastMatchDifference,0.7031609154713526,0.0016942466020671103,0.00013539088839890345
XGBoost,MissingPlayer1DaysSinceLastMatch,0.7031609154713526,0.0,0.0
XGBoost,MissingPlayer2DaysSinceLastMatch,0.7031609154713526,0.0,0.0
XGBoost,RankDifference,0.7031609154713526,0.0063909381111284524,0.0005551614182168197
XGBoost,PointsDifference,0.7031609154713526,0.05901946879125005,0.0031137403411308036
XGBoost,Series,0.7031609154713526,0.00022557177627065736,0.0003161070250496438
XGBoost,Court,0.7031609154713526,0.0,0.0
XGBoost,Surface,0.7031609154713526,0.0,0.0
XGBoost,Round,0.7031609154713526,-3.5399232544512196e-06,6.0167125837134075e-06
XGBoost,Best of,0.7031609154713526,3.992246781429435e-05,8.964872413349506e-06
LightGBM,Player1Rank,0.7016239987917061,-0.0006474126307608463,0.00039929316503577525
LightGBM,Player2Rank,0.7016239987917061,0.00034592916692222087,0.00045202629806303157
LightGBM,Player1Points,0.7016239987917061,-0.0007673766966066106,0.0002965691207710727
LightGBM,Player2Points,0.7016239987917061,0.0005978537051982702,0.00013302986910581108
LightGBM,Player1MatchesBefore,0.7016239987917061,0.0005659943959080612,0.0006423271668273908
LightGBM,Player2MatchesBefore,0.7016239987917061,0.00011170424491853866,0.0007392396639321402
LightGBM,ExperienceDifference,0.7016239987917061,0.005021184474053937,0.0011089832838888521
LightGBM,Player1WinRateBefore,0.7016239987917061,0.0003628421335825083,0.0003271417450503135
LightGBM,Player2WinRateBefore,0.7016239987917061,0.0005715009431928042,9.459236709016048e-05
LightGBM,WinRateDifference,0.7016239987917061,0.0010902963623747504,0.0011075357474942984
LightGBM,Player1Recent5WinRate,0.7016239987917061,5.506547284713411e-05,0.00021881518347509023
LightGBM,Player2Recent5WinRate,0.7016239987917061,-9.43979534532661e-06,0.00013906938410655745
LightGBM,Recent5WinRateDifference,0.7016239987917061,0.001484211155635351,0.0008043416791963895
LightGBM,Player1SurfaceMatchesBefore,0.7016239987917061,0.004775749795077666,0.0018021253919381036
LightGBM,Player2SurfaceMatchesBefore,0.7016239987917061,0.005315981416189497,0.001509436381348691
LightGBM,SurfaceMatchesDifference,0.7016239987917061,0.002073215052697678,0.000591817068335293
LightGBM,Player1SurfaceWinRateBefore,0.7016239987917061,0.0013074116553152642,0.00022695011726557037
LightGBM,Player2SurfaceWinRateBefore,0.7016239987917061,0.0006804519144691193,0.00029794347567896296
LightGBM,SurfaceWinRateDifference,0.7016239987917061,0.005364360367333787,0.001570495442039562
LightGBM,H2HMatchesBefore,0.7016239987917061,-4.896893835348859e-05,9.353235769607381e-05
LightGBM,Player1H2HWinRateBefore,0.7016239987917061,-0.000506405687791478,0.00041416971342281755
LightGBM,Player2H2HWinRateBefore,0.7016239987917061,0.0005303985009604087,0.00039586251262935945
LightGBM,DifferenceH2HWinRateBefore,0.7016239987917061,-2.8712710841816147e-05,2.536411362741164e-05
LightGBM,Player1DaysSinceLastMatch,0.7016239987917061,0.00034887910296762154,0.0001192030509846773
LightGBM,Player2DaysSinceLastMatch,0.7016239987917061,0.001016154636434045,0.00020014938657110623
LightGBM,DaysSinceLastMatchDifference,0.7016239987917061,0.0037816213477824823,0.00046063792644675694
LightGBM,MissingPlayer1DaysSinceLastMatch,0.7016239987917061,0.0,0.0
LightGBM,MissingPlayer2DaysSinceLastMatch,0.7016239987917061,0.0,0.0
LightGBM,RankDifference,0.7016239987917061,0.0054613149320255445,0.0012702622672892524
LightGBM,PointsDifference,0.7016239987917061,0.04611359692388536,0.0019541730944788774
LightGBM,Series,0.7016239987917061,0.00031819976809558764,0.00039912953257806397
LightGBM,Court,0.7016239987917061,-2.6942749214590538e-05,6.243899670238824e-05
LightGBM,Surface,0.7016239987917061,0.0,0.0
LightGBM,Round,0.7016239987917061,2.51727875872169e-05,5.4108257000441095e-05
LightGBM,Best of,0.7016239987917061,7.178177710431832e-05,2.3264422496294622e-05
