Feature,ANN,AdaBoost,LightGBM,Random Forest,XGBoost,k-NN,ANNRank,Random ForestRank,k-NNRank,AdaBoostRank,XGBoostRank,LightGBMRank,AverageRank,AverageImportance,Top10Count
PointsDifference,0.005217846877079675,0.08781182790623765,0.04611359692388536,0.008297580108463229,0.05901946879125005,0.0036108200507544894,15.0,1.0,4.0,1.0,1.0,1.0,3.8333333333333335,0.03501185677627841,5
RankDifference,0.005022364448472076,0.005201622228830065,0.0054613149320255445,0.006837951753205969,0.0063909381111284524,0.008248512838908187,16.0,2.0,1.0,3.0,2.0,2.0,4.333333333333333,0.006193784052095048,5
SurfaceWinRateDifference,0.024297049906624624,0.005789937807481753,0.005364360367333787,0.0023174697572556266,0.004615469936611771,0.0006057202013192523,4.0,5.0,21.0,2.0,3.0,3.0,6.333333333333333,0.0071650013294378015,5
DaysSinceLastMatchDifference,0.009260537564878879,0.0006867451113660161,0.0037816213477824823,0.0010727934085055235,0.0016942466020671103,0.0021485367530564106,7.0,8.0,9.0,8.0,6.0,7.0,7.5,0.0031074134646094033,6
Player2Points,0.018796992481202996,0.0003493707589753055,0.0005978537051982702,0.001414002677755229,0.000714081185386554,0.0035693242837160355,6.0,6.0,5.0,13.0,10.0,14.0,9.0,0.0042402708487057315,4
ExperienceDifference,0.03217101919897036,0.0002445496981624921,0.005021184474053937,0.0009445695217327558,0.0003436675492875703,0.0015780191218786044,3.0,10.0,11.0,15.0,15.0,5.0,9.833333333333334,0.006717168260680954,3
Player1MatchesBefore,0.006587993838960175,0.0008518431987061629,0.0005659943959080612,0.0004894927211311165,0.0006368911921990072,0.0021585665356106767,10.0,12.0,8.0,7.0,14.0,16.0,11.166666666666666,0.0018817969804191999,3
Player1SurfaceMatchesBefore,0.008410464327799941,0.0017574735646398443,0.004775749795077666,-0.00040945112309968373,0.002745013821433736,0.0006099484429844537,8.0,30.0,20.0,4.0,4.0,6.0,12.0,0.0029815331381393266,4
Player2SurfaceMatchesBefore,0.041678269748445206,0.0016960165636942248,0.005315981416189497,-0.000821655519841665,0.001992091811449548,-0.00048310119303292726,2.0,33.0,26.0,5.0,5.0,4.0,12.5,0.008229600471150646,4
Player1Rank,0.021795405808935353,0.0,-0.0006474126307608463,0.0034311689455905534,0.00029106035647818995,0.005530835091495138,5.0,3.0,2.0,17.0,16.0,34.0,12.833333333333334,0.005066842928623065,3
SurfaceMatchesDifference,0.04874415322675796,0.0004758246841208476,0.002073215052697678,-0.001589818866060318,0.0006407261090580393,0.0014734930546705567,1.0,35.0,12.0,10.0,12.0,8.0,13.0,0.008636265543540795,3
Player2DaysSinceLastMatch,0.004189499171657933,0.0,0.001016154636434045,0.0009758388438138773,0.0002881104204327893,0.0030794382377788234,18.0,9.0,6.0,17.0,17.0,12.0,13.166666666666666,0.0015915068850195777,2
Recent5WinRateDifference,0.00572149929122856,0.0015732992242061632,0.001484211155635351,-8.06315852405574e-05,0.0015318034571677464,0.0010724984149008316,13.0,26.0,18.0,6.0,7.0,9.0,13.166666666666666,0.0018837799929830156,3
Player2SurfaceWinRateBefore,0.0034996074618434867,0.0004423920756065162,0.0006804519144691193,0.00012311066429400905,0.0007956960826423684,0.0013024950952395347,19.0,20.0,14.0,11.0,9.0,13.0,14.333333333333334,0.0011406255490158392,1
Player2WinRateBefore,0.008367886917544939,0.000397159722910545,0.0005715009431928042,0.0009042537291124771,0.0006529191780455523,-0.0015111539048502005,9.0,11.0,32.0,12.0,11.0,15.0,15.0,0.0015637610976593531,1
Player1SurfaceWinRateBefore,0.006100172748254769,0.0,0.0013074116553152642,0.00039745471651494074,-0.0001207507154577699,0.0011161574683725324,11.0,14.0,16.0,17.0,34.0,10.0,17.0,0.0014667409788332892,1
Player2Rank,0.001790807841952587,0.0,0.00034592916692222087,0.0031245722592733913,-0.00013510707087860396,0.004914593451613862,27.0,4.0,3.0,17.0,35.0,20.0,17.666666666666668,0.0016734659414805763,2
Player2MatchesBefore,0.005470066408960195,0.0005388549842906635,0.00011170424491853866,-0.0004572400870349232,0.001369950299477581,-0.000776619829548871,14.0,31.0,27.0,9.0,8.0,22.0,18.5,0.0010427860035105306,2
WinRateDifference,0.003291538639442241,-0.0004892960587280873,0.0010902963623747504,0.00114595182243112,-4.513402149438258e-05,0.001980292067267871,20.0,7.0,10.0,35.0,32.0,11.0,19.166666666666668,0.0011622748018822523,2
Player1Recent5WinRate,0.0013866666037346542,0.0,5.506547284713411e-05,0.00035654893668561155,0.0002258667698751271,0.0013897148709814955,29.0,15.0,13.0,17.0,18.0,24.0,19.333333333333332,0.0005689771090206704,0
MissingPlayer1DaysSinceLastMatch,0.002004776536444671,0.0,0.0,0.00010029782554310529,0.0,0.002869009466541376,26.0,22.0,7.0,17.0,23.0,26.0,20.166666666666668,0.0008290139714215253,1
Player1DaysSinceLastMatch,0.0042400414092355065,0.0,0.00034887910296762154,-0.0001773894875292855,0.00017030964102038304,-0.0003234113217759719,17.0,28.0,25.0,17.0,20.0,19.0,21.0,0.0007097382239863756,0
Series,0.0021519783451093843,0.0,0.00031819976809558764,0.00043521389789595116,0.00022557177627065736,-0.0032879003849864232,23.0,13.0,35.0,17.0,19.0,21.0,21.333333333333332,-2.615609960247381e-05,0
MissingPlayer2DaysSinceLastMatch,0.001332584442902629,0.0,0.0,0.0001341237588635691,0.0,0.0012267800700746696,30.0,19.0,15.0,17.0,23.0,26.0,21.666666666666668,0.0004489147119734779,0
Best of,0.0016376078299955577,0.0,7.178177710431832e-05,0.00019921901426500632,3.992246781429435e-05,-9.410295984794519e-05,28.0,18.0,24.0,17.0,22.0,23.0,22.0,0.0003090713548885386,0
Player1WinRateBefore,0.002179216087928445,0.00022370348344180613,0.0003628421335825083,-0.0008834075143918282,0.00010206778717040492,-6.1948656954191605e-06,22.0,34.0,23.0,16.0,21.0,18.0,22.333333333333332,0.00032970451867265284,0
Court,0.0026433393590693153,0.0,-2.6942749214590538e-05,2.9696022856851023e-05,0.0,0.00021219873286471014,21.0,24.0,22.0,17.0,23.0,30.0,22.833333333333332,0.00047638189426271434,0
Player2Recent5WinRate,0.0005101422734487734,0.0,-9.43979534532661e-06,0.0003421925812647775,0.0,0.0009803620790832894,34.0,16.0,19.0,17.0,23.0,29.0,23.0,0.0003038761897419189,0
Player1H2HWinRateBefore,0.0021426368809657572,0.0002643142696666286,-0.000506405687791478,-0.0005176154447638082,0.0006387594850277475,-0.0013619854721551212,24.0,32.0,29.0,14.0,13.0,33.0,24.166666666666668,0.00010995067182495433,0
Player1Points,0.005821797116771814,-0.00013746701971499112,-0.0007673766966066106,0.00033432608514375833,-5.034557517454482e-05,0.0010766283253644444,12.0,17.0,17.0,34.0,33.0,35.0,24.666666666666668,0.0010462603726306451,0
Surface,0.0006491825923879979,0.0,0.0,4.1692429441371935e-05,0.0,-0.0017497053997203398,33.0,23.0,33.0,17.0,23.0,26.0,25.833333333333332,-0.000176471729648495,0
Player2H2HWinRateBefore,-0.00018053608597771534,-6.588190501362796e-05,0.0005303985009604087,0.00011583415538215143,0.0,-0.0013619854721551212,35.0,21.0,29.0,33.0,23.0,17.0,26.333333333333332,-0.00016036180113398403,0
Round,0.002137523658487036,0.0,2.51727875872169e-05,-0.00028968371965694867,-3.5399232544512196e-06,-0.0017912011667589045,25.0,29.0,34.0,17.0,31.0,25.0,26.833333333333332,1.30452727339914e-05,0
H2HMatchesBefore,0.0009959967401239982,0.0,-4.896893835348859e-05,-9.970783833416579e-05,-1.1799744181750782e-06,-0.0008970755514021711,31.0,27.0,28.0,17.0,30.0,32.0,27.5,-8.48926039733372e-06,0
DifferenceH2HWinRateBefore,0.0009427995601054932,-5.132888718972772e-05,-2.8712710841816147e-05,7.866496120908137e-06,0.0,-0.0013619854721551212,32.0,25.0,29.0,32.0,23.0,31.0,28.666666666666668,-8.189350232671063e-05,0
